<?xml version="1.0" encoding="UTF-8"?><rss xmlns:dc="http://purl.org/dc/elements/1.1/" xmlns:content="http://purl.org/rss/1.0/modules/content/" xmlns:atom="http://www.w3.org/2005/Atom" version="2.0">
    <channel>
        <title><![CDATA[My Site]]></title>
        <description><![CDATA[My Site]]></description>
        <link>http://josenong.top</link>
        <generator>RSS for Node</generator>
        <lastBuildDate>Wed, 17 Apr 2024 14:30:33 GMT</lastBuildDate>
        <atom:link href="http://josenong.top/rss.xml" rel="self" type="application/rss+xml"/>
    </channel>
</rss>