{"generatedAt":1713010106613,"generateTime":80,"contents":[{"_path":"/life/think/think-01-24-04-13","_dir":"think","_draft":false,"_partial":false,"_locale":"","title":"为什么我写不出东西","description":"","draft":false,"navigation":true,"head":{"meta":[{"name":"author","content":"Jory"},{"name":"copyright","content":"© 2024 Jory"}]},"subtitle":"我是一个独立的个体","desc":"随着年龄的增长和时代的变化，越来越多的信息进入脑子，离开脑子，有些时候明明很多东西很想表达，但是却迟迟不能下笔。我作为天天与AI打交道的互联网工作者，AI越来越在我的工具中占据主动地位，让我渐渐放下独立的思考。","date":"2024-04-13T00:00:00.000Z","type":null,"top":false,"lang":"zh","body":{"type":"root","children":[{"type":"element","tag":"h2","props":{"id":"我感觉很浮躁"},"children":[{"type":"text","value":"我感觉很浮躁"}]},{"type":"element","tag":"p","props":{},"children":[{"type":"text","value":"每当我想要完成一项任务或者一个目标时，我都会先入为主，这个东西是不是AI就能帮我搞定，无需我出手。就像现在我正在写这篇文章时，我的心气都很浮躁，AI几秒钟就能生成一堆车轱辘话，看起来美妙无比，实则没有灵魂，我需要的是将我的精神赋予给AI，由AI把我的想法进行二次加工，而不是说由AI生成。"}]},{"type":"element","tag":"p","props":{},"children":[{"type":"text","value":"就像现在，我创建markdown文件，写完了文件属性和前言后，我感觉自己有点待不住，但是自己又有东西想要表达，我明明不是一定要做某样东西，我现在很想去玩Apex Legends，但是准备去的时候自己又好像没有那么想要。"}]},{"type":"element","tag":"p","props":{},"children":[{"type":"text","value":"我现在还记得我的小学语文老师，她是我一个同学的妈妈，在我脑海中的印象从乌黑的长发到白发依稀。她最爱说的一句话: "},{"type":"element","tag":"strong","props":{},"children":[{"type":"text","value":"七国甘乱，唔好甘浮躁，静下心来。"}]}]},{"type":"element","tag":"h2","props":{"id":"如何让自己独立思考"},"children":[{"type":"text","value":"如何让自己独立思考"}]},{"type":"element","tag":"p","props":{},"children":[{"type":"text","value":"在当今这个时代，信息乱飞，推荐算法横空出世，短视频等大大小小信息平台席卷这个物欲横飞的世界。"}]},{"type":"element","tag":"p","props":{},"children":[{"type":"text","value":"我之前一直以自己不玩抖音而骄傲，到现在我也不知道我有什么好骄傲的，我以为自己一直保持着独立思考，寻找自己感兴趣的，从不来沉浸在别人控制当中。"}]},{"type":"element","tag":"p","props":{},"children":[{"type":"text","value":"但其实不然，B站是我最喜欢用的一个平台，上面有很多内容丰富的UP主，我许多知识也是从这而来，我现在回想起来我从高中就沉浸在消磨当中，我依稀记得我每个周日都喜欢冲完凉躺在二楼的沙发上刷B站视频，差不多时间，爸爸就送我去高中。"}]},{"type":"element","tag":"p","props":{},"children":[{"type":"text","value":"不过那时候的我还是很喜欢看书的，各种小说、科幻说，也写了挺多读后感的，现在还保存在我家里的鞋盒子中。到了高三，单周只放半天假，我都要出去图书馆看书，想想当时一半是自我动力，一半是自我欺骗。"}]},{"type":"element","tag":"p","props":{},"children":[{"type":"text","value":"我好像并没有多么感兴趣，而是相对于枯燥的学习生活，我倾向于书上丰富多彩的生活。当时还接触了嘻哈说唱，自己的思考属于巅峰阶段了，各种歌词参加活动，分享给同学看。"}]},{"type":"element","tag":"p","props":{},"children":[{"type":"text","value":"说了那么多，究竟如何让自己独立思考呢，我到现在也没有答案，我分享以前好像也是一种思考，一种从过去到现在的思考，是不是一种独立呢？"}]},{"type":"element","tag":"h2","props":{"id":"从思考到实践"},"children":[{"type":"text","value":"从思考到实践"}]},{"type":"element","tag":"p","props":{},"children":[{"type":"text","value":"我分享过去，思考我复盘我的曾经，面对现在的事物我要对比、我要思考、我要实践。"}]},{"type":"element","tag":"p","props":{},"children":[{"type":"text","value":"其实似乎我们一直都有保持思考，很多人包括我自己都是知道的，只是有点麻木，有点迷惘，我们没有做到知行合一，好像这才是我写不出东西的根据原因。"}]},{"type":"element","tag":"p","props":{},"children":[{"type":"text","value":"就像现在，我要不停地写，虽然我没有构思过整个大纲，尽管我知道提前构思能让我写出更好的文章，更高效地传播我的想法，但是我没有，我还做不到这里的知行合一，但我要从小的知行合一做起，这就是我不停地写到这样的思考，我明白我要从小事做起，不要说我写一篇什么旷世巨作，我写一篇百万传播的文案。"}]},{"type":"element","tag":"p","props":{},"children":[{"type":"text","value":"加油！做到知行合一，方能始终。"}]}],"toc":{"title":"","searchDepth":2,"depth":2,"links":[{"id":"我感觉很浮躁","depth":2,"text":"我感觉很浮躁"},{"id":"如何让自己独立思考","depth":2,"text":"如何让自己独立思考"},{"id":"从思考到实践","depth":2,"text":"从思考到实践"}]}},"_type":"markdown","_id":"content:life:think:think-01-24-04-13.md","_source":"content","_file":"life/think/think-01-24-04-13.md","_extension":"md"},{"_path":"/website","_dir":"","_draft":false,"_partial":false,"_locale":"","title":"如何做一个这样的网站","description":"","draft":false,"navigation":true,"head":{"meta":[{"name":"author","content":"Jory"},{"name":"copyright","content":"© 2024 Jory"}]},"subtitle":"Jory Joestar的奇妙之旅","desc":"从大学开始，我就想写一个属于自己的博客网站了，一开始跟着B站部署了Hexo开源模板博客，后面又跟着部署了一个Vuepress的，后面自己想写一个全面一点的网站，不单单只博客，还包括一些项目啥的，第三个网站是看了antfu的网站后，看见他开源了，然后整体框架也是学习他的，后面自己融入了很多自己的东西，然后太乱了。直到现在，这个就是第四个博客网站了，只想用来做博客捏。","date":"2024-03-31T00:00:00.000Z","type":null,"top":false,"lang":"zh","body":{"type":"root","children":[{"type":"element","tag":"h2","props":{"id":"前瞻"},"children":[{"type":"text","value":"前瞻"}]},{"type":"element","tag":"p","props":{},"children":[{"type":"text","value":"网站主要技术栈是以Nuxt3为主，Nuxt3生态挺好的，基本想要的都有，SEO、md解析、ui、icon、还支持SSR，所以网站的性能和速度都挺好的。\n最主要是这个nuxt框架是我最熟悉的vue框架，并且是antfu的参与的，我最喜欢的佬，所以就使用了Nuxt框架。"}]},{"type":"element","tag":"h2","props":{"id":"网站说明"},"children":[{"type":"text","value":"网站说明"}]},{"type":"element","tag":"p","props":{},"children":[{"type":"text","value":"网站主要会以分享文章和生活为主，分享自己一些小项目为辅。避免网站太臃肿。"}]},{"type":"element","tag":"h2","props":{"id":"相关技术"},"children":[{"type":"text","value":"相关技术"}]},{"type":"element","tag":"ol","props":{},"children":[{"type":"element","tag":"li","props":{},"children":[{"type":"text","value":"Nuxt3: "},{"type":"element","tag":"a","props":{"href":"https://nuxt.com/docs/getting-started/introduction","rel":["nofollow"]},"children":[{"type":"text","value":"Nuxt3文档"}]}]},{"type":"element","tag":"li","props":{},"children":[{"type":"text","value":"NuxtContent: "},{"type":"element","tag":"a","props":{"href":"https://content.nuxt.com/get-started/installation","rel":["nofollow"]},"children":[{"type":"text","value":"NuxtContent文档"}]}]},{"type":"element","tag":"li","props":{},"children":[{"type":"text","value":"NuxtUI: "},{"type":"element","tag":"a","props":{"href":"https://ui.nuxt.com/getting-started/installation","rel":["nofollow"]},"children":[{"type":"text","value":"NuxtUI文档"}]}]},{"type":"element","tag":"li","props":{},"children":[{"type":"text","value":"Typescript"}]},{"type":"element","tag":"li","props":{},"children":[{"type":"text","value":"Pinia: "},{"type":"element","tag":"a","props":{"href":"https://pinia.vuejs.org/introduction.html","rel":["nofollow"]},"children":[{"type":"text","value":"Pinia文档"}]}]},{"type":"element","tag":"li","props":{},"children":[{"type":"text","value":"Unocss: "},{"type":"element","tag":"a","props":{"href":"https://unocss.dev/guide/","rel":["nofollow"]},"children":[{"type":"text","value":"Unocss文档"}]}]}]},{"type":"element","tag":"h2","props":{"id":"如果你想要做一个这样的网站"},"children":[{"type":"text","value":"如果你想要做一个这样的网站"}]},{"type":"element","tag":"ul","props":{},"children":[{"type":"element","tag":"li","props":{},"children":[{"type":"text","value":"第一步：你需要学习前端三件套HTML、CSS和JS，入门即可，不需要花太多心思。其实你已经可以开发这样一个网站了，但是为了节省时间和精力，还需要学习一些已经经过多次封装的框架技术。"}]},{"type":"element","tag":"li","props":{},"children":[{"type":"text","value":"第二步，你可以先大致了解前端框架有哪些？基本上国内都是React和Vue了，当然我是推荐Vue的，我是Vue的忠诚信徒！"}]},{"type":"element","tag":"li","props":{},"children":[{"type":"text","value":"第三步，自然是大致入门框架后，就可以开始了解构建你想要的网站的技术了，当然为了更加美观，你不应该只依靠CSS，那样会花费大量时间从底层构建，你可以选择了解一些UI框架，辅助你进行美观优化。我推荐一些简单就行，每个不同的前端框架都有很多比较适配的UI框架。"}]},{"type":"element","tag":"li","props":{},"children":[{"type":"text","value":"第四步，了解服务器部署、域名备案、服务器配置、反向代理等等一些运维步骤"}]},{"type":"element","tag":"li","props":{},"children":[{"type":"text","value":"第五步，你大概就能完成一个简单的、属于你自己的网站啦~"}]}]},{"type":"element","tag":"h2","props":{"id":"总结"},"children":[{"type":"text","value":"总结"}]},{"type":"element","tag":"p","props":{},"children":[{"type":"text","value":"网站用途有许多，项目展示、博客记录、简历等等。"}]},{"type":"element","tag":"p","props":{},"children":[{"type":"text","value":"最后祝大家生活愉快，以后这个网站也是会分享我的生活经历和我的思考想法。"}]}],"toc":{"title":"","searchDepth":2,"depth":2,"links":[{"id":"前瞻","depth":2,"text":"前瞻"},{"id":"网站说明","depth":2,"text":"网站说明"},{"id":"相关技术","depth":2,"text":"相关技术"},{"id":"如果你想要做一个这样的网站","depth":2,"text":"如果你想要做一个这样的网站"},{"id":"总结","depth":2,"text":"总结"}]}},"_type":"markdown","_id":"content:website.md","_source":"content","_file":"website.md","_extension":"md"}],"navigation":[{"title":"Life","_path":"/life","children":[{"title":"Think","_path":"/life/think","children":[{"title":"为什么我写不出东西","_path":"/life/think/think-01-24-04-13","desc":"随着年龄的增长和时代的变化，越来越多的信息进入脑子，离开脑子，有些时候明明很多东西很想表达，但是却迟迟不能下笔。我作为天天与AI打交道的互联网工作者，AI越来越在我的工具中占据主动地位，让我渐渐放下独立的思考。","date":"2024-04-13T00:00:00.000Z","subtitle":"我是一个独立的个体","type":null,"top":false}]}]},{"title":"如何做一个这样的网站","_path":"/website","desc":"从大学开始，我就想写一个属于自己的博客网站了，一开始跟着B站部署了Hexo开源模板博客，后面又跟着部署了一个Vuepress的，后面自己想写一个全面一点的网站，不单单只博客，还包括一些项目啥的，第三个网站是看了antfu的网站后，看见他开源了，然后整体框架也是学习他的，后面自己融入了很多自己的东西，然后太乱了。直到现在，这个就是第四个博客网站了，只想用来做博客捏。","date":"2024-03-31T00:00:00.000Z","subtitle":"Jory Joestar的奇妙之旅","type":null,"top":false}]}