{"generatedAt":1712071659365,"generateTime":27,"contents":[{"_path":"/favoraites","_dir":"","_draft":false,"_partial":false,"_locale":"","title":"收藏夹","description":"","draft":false,"navigation":true,"head":{"meta":[{"name":"author","content":"Jory"},{"name":"copyright","content":"© 2024 Jory"}]},"subtitle":null,"desc":null,"date":"2077-01-01T00:00:00.000Z","type":null,"top":true,"lang":"zh","body":{"type":"root","children":[{"type":"element","tag":"h2","props":{"id":"佬的网站"},"children":[{"type":"text","value":"佬的网站"}]},{"type":"element","tag":"h3","props":{"id":"计算机"},"children":[{"type":"text","value":"计算机"}]},{"type":"element","tag":"ul","props":{},"children":[{"type":"element","tag":"li","props":{},"children":[{"type":"element","tag":"a","props":{"href":"https://zxuqian.cn/","rel":["nofollow"]},"children":[{"type":"text","value":"峰华前端工程师- 让你学会前端开发"}]}]},{"type":"element","tag":"li","props":{},"children":[{"type":"element","tag":"a","props":{"href":"https://www.yar2001.com/","rel":["nofollow"]},"children":[{"type":"text","value":"yar2001 - 一切尽在开始"}]}]},{"type":"element","tag":"li","props":{},"children":[{"type":"element","tag":"a","props":{"href":"https://knif.gitee.io/daodao-knowledge/","rel":["nofollow"]},"children":[{"type":"text","value":"刀刀的知识积累"}]}]},{"type":"element","tag":"li","props":{},"children":[{"type":"element","tag":"a","props":{"href":"https://kexue.fm/","rel":["nofollow"]},"children":[{"type":"text","value":"苏剑林|BoJone科学空间"}]}]},{"type":"element","tag":"li","props":{},"children":[{"type":"element","tag":"a","props":{"href":"https://blog.codingnow.com/","rel":["nofollow"]},"children":[{"type":"text","value":"云风的Blog"}]}]},{"type":"element","tag":"li","props":{},"children":[{"type":"element","tag":"a","props":{"href":"https://tech.meituan.com/","rel":["nofollow"]},"children":[{"type":"text","value":"美图技术团队"}]}]},{"type":"element","tag":"li","props":{},"children":[{"type":"element","tag":"a","props":{"href":"https://coolshell.cn/","rel":["nofollow"]},"children":[{"type":"text","value":"陈皓|左耳听风|耗子"}]}]},{"type":"element","tag":"li","props":{},"children":[{"type":"element","tag":"a","props":{"href":"https://www.ruanyifeng.com/blog/","rel":["nofollow"]},"children":[{"type":"text","value":"阮一峰的网络日志"}]}]},{"type":"element","tag":"li","props":{},"children":[{"type":"element","tag":"a","props":{"href":"https://luolei.org/","rel":["nofollow"]},"children":[{"type":"text","value":"罗磊"}]}]},{"type":"element","tag":"li","props":{},"children":[{"type":"element","tag":"a","props":{"href":"https://hutusi.com/","rel":["nofollow"]},"children":[{"type":"text","value":"胡涂说"}]}]},{"type":"element","tag":"li","props":{},"children":[{"type":"element","tag":"a","props":{"href":"https://www.zhangxinxu.com/","rel":["nofollow"]},"children":[{"type":"text","value":"张鑫旭"}]}]},{"type":"element","tag":"li","props":{},"children":[{"type":"element","tag":"a","props":{"href":"https://blog.n3r0.cool/","rel":["nofollow"]},"children":[{"type":"text","value":"Nero Song's Blog"}]}]}]},{"type":"element","tag":"p","props":{},"children":[{"type":"element","tag":"strong","props":{},"children":[{"type":"text","value":"AI"}]}]},{"type":"element","tag":"ul","props":{},"children":[{"type":"element","tag":"li","props":{},"children":[{"type":"element","tag":"a","props":{"href":"https://baoyu.io/","rel":["nofollow"]},"children":[{"type":"text","value":"宝玉"}]}]},{"type":"element","tag":"li","props":{},"children":[{"type":"element","tag":"a","props":{"href":"https://xiaohu.ai/","rel":["nofollow"]},"children":[{"type":"text","value":"XiaoHu"}]}]}]},{"type":"element","tag":"p","props":{},"children":[{"type":"element","tag":"strong","props":{},"children":[{"type":"text","value":"开源"}]}]},{"type":"element","tag":"ul","props":{},"children":[{"type":"element","tag":"li","props":{},"children":[{"type":"element","tag":"a","props":{"href":"https://antfu.me/","rel":["nofollow"]},"children":[{"type":"text","value":"Anthony Fu"}]}]}]},{"type":"element","tag":"p","props":{},"children":[{"type":"element","tag":"strong","props":{},"children":[{"type":"text","value":"独立开发"}]}]},{"type":"element","tag":"ul","props":{},"children":[{"type":"element","tag":"li","props":{},"children":[{"type":"element","tag":"a","props":{"href":"https://dashu.ai/","rel":["nofollow"]},"children":[{"type":"text","value":"大帅老猿"}]}]},{"type":"element","tag":"li","props":{},"children":[{"type":"element","tag":"a","props":{"href":"https://www.bmms.me/","rel":["nofollow"]},"children":[{"type":"text","value":"张小吉|独立创客|数字游民"}]}]},{"type":"element","tag":"li","props":{},"children":[{"type":"element","tag":"a","props":{"href":"https://kyome.io/index.html?lang=ja#linksSection","rel":["nofollow"]},"children":[{"type":"text","value":"Kyome22|独立开发"}]}]},{"type":"element","tag":"li","props":{},"children":[{"type":"element","tag":"a","props":{"href":"https://yigang.life/","rel":["nofollow"]},"children":[{"type":"text","value":"YiGang|MikeTech"}]}]},{"type":"element","tag":"li","props":{},"children":[{"type":"element","tag":"a","props":{"href":"https://www.engineerdraft.com/","rel":["nofollow"]},"children":[{"type":"text","value":"EngineerDraft"}]}]}]},{"type":"element","tag":"p","props":{},"children":[{"type":"element","tag":"strong","props":{},"children":[{"type":"text","value":"WebGL"}]}]},{"type":"element","tag":"ul","props":{},"children":[{"type":"element","tag":"li","props":{},"children":[{"type":"element","tag":"a","props":{"href":"http://zuoben.top/","rel":["nofollow"]},"children":[{"type":"text","value":"左本Web3D"}]}]},{"type":"element","tag":"li","props":{},"children":[{"type":"element","tag":"a","props":{"href":"http://www.yanhuangxueyuan.com/","rel":["nofollow"]},"children":[{"type":"text","value":"郭隆邦技术博客WebGL"}]}]}]}],"toc":{"title":"","searchDepth":2,"depth":2,"links":[{"id":"佬的网站","depth":2,"text":"佬的网站","children":[{"id":"计算机","depth":3,"text":"计算机"}]}]}},"_type":"markdown","_id":"content:favoraites.md","_source":"content","_file":"favoraites.md","_extension":"md"},{"_path":"/website","_dir":"","_draft":false,"_partial":false,"_locale":"","title":"如何做一个这样的网站？","description":"","draft":false,"navigation":true,"head":{"meta":[{"name":"author","content":"Jory"},{"name":"copyright","content":"© 2024 Jory"}]},"subtitle":"Jory Joestar的奇妙之旅","desc":"从大学开始，我就想写一个属于自己的博客网站了，一开始跟着B站部署了Hexo开源模板博客，后面又跟着部署了一个Vuepress的，后面自己想写一个全面一点的网站，不单单只博客，还包括一些项目啥的，第三个网站是看了antfu的网站后，看见他开源了，然后整体框架也是学习他的，后面自己融入了很多自己的东西，然后太乱了。直到现在，这个就是第四个博客网站了，只想用来做博客捏。","date":"2024-03-31T00:00:00.000Z","type":null,"top":false,"lang":"zh","body":{"type":"root","children":[{"type":"element","tag":"h2","props":{"id":"前瞻"},"children":[{"type":"text","value":"前瞻"}]},{"type":"element","tag":"p","props":{},"children":[{"type":"text","value":"网站主要技术栈是以Nuxt3为主，Nuxt3生态挺好的，基本想要的都有，SEO、md解析、ui、icon、还支持SSR，所以网站的性能和速度都挺好的。\n最主要是这个nuxt框架是我最熟悉的vue框架，并且是antfu的参与的，我最喜欢的佬，所以就使用了Nuxt框架。"}]},{"type":"element","tag":"h2","props":{"id":"网站说明"},"children":[{"type":"text","value":"网站说明"}]},{"type":"element","tag":"p","props":{},"children":[{"type":"text","value":"网站主要会以分享文章和生活为主，分享自己一些小项目为辅。避免网站太臃肿。"}]},{"type":"element","tag":"h2","props":{"id":"相关技术"},"children":[{"type":"text","value":"相关技术"}]},{"type":"element","tag":"ol","props":{},"children":[{"type":"element","tag":"li","props":{},"children":[{"type":"text","value":"Nuxt3: "},{"type":"element","tag":"a","props":{"href":"https://nuxt.com/docs/getting-started/introduction","rel":["nofollow"]},"children":[{"type":"text","value":"Nuxt3文档"}]}]},{"type":"element","tag":"li","props":{},"children":[{"type":"text","value":"NuxtContent: "},{"type":"element","tag":"a","props":{"href":"https://content.nuxt.com/get-started/installation","rel":["nofollow"]},"children":[{"type":"text","value":"NuxtContent文档"}]}]},{"type":"element","tag":"li","props":{},"children":[{"type":"text","value":"NuxtUI: "},{"type":"element","tag":"a","props":{"href":"https://ui.nuxt.com/getting-started/installation","rel":["nofollow"]},"children":[{"type":"text","value":"NuxtUI文档"}]}]},{"type":"element","tag":"li","props":{},"children":[{"type":"text","value":"Typescript"}]},{"type":"element","tag":"li","props":{},"children":[{"type":"text","value":"Pinia: "},{"type":"element","tag":"a","props":{"href":"https://pinia.vuejs.org/introduction.html","rel":["nofollow"]},"children":[{"type":"text","value":"Pinia文档"}]}]},{"type":"element","tag":"li","props":{},"children":[{"type":"text","value":"Unocss: "},{"type":"element","tag":"a","props":{"href":"https://unocss.dev/guide/","rel":["nofollow"]},"children":[{"type":"text","value":"Unocss文档"}]}]}]},{"type":"element","tag":"h2","props":{"id":"如果你想要做一个这样的网站"},"children":[{"type":"text","value":"如果你想要做一个这样的网站"}]},{"type":"element","tag":"ul","props":{},"children":[{"type":"element","tag":"li","props":{},"children":[{"type":"text","value":"第一步：你需要学习前端三件套HTML、CSS和JS，入门即可，不需要花太多心思。其实你已经可以开发这样一个网站了，但是为了节省时间和精力，还需要学习一些已经经过多次封装的框架技术。"}]},{"type":"element","tag":"li","props":{},"children":[{"type":"text","value":"第二步，你可以先大致了解前端框架有哪些？基本上国内都是React和Vue了，当然我是推荐Vue的，我是Vue的忠诚信徒！"}]},{"type":"element","tag":"li","props":{},"children":[{"type":"text","value":"第三步，自然是大致入门框架后，就可以开始了解构建你想要的网站的技术了，当然为了更加美观，你不应该只依靠CSS，那样会花费大量时间从底层构建，你可以选择了解一些UI框架，辅助你进行美观优化。我推荐一些简单就行，每个不同的前端框架都有很多比较适配的UI框架。"}]},{"type":"element","tag":"li","props":{},"children":[{"type":"text","value":"第四步，了解服务器部署、域名备案、服务器配置、反向代理等等一些运维步骤"}]},{"type":"element","tag":"li","props":{},"children":[{"type":"text","value":"第五步，你大概就能完成一个简单的、属于你自己的网站啦~"}]}]},{"type":"element","tag":"h2","props":{"id":"总结"},"children":[{"type":"text","value":"总结"}]},{"type":"element","tag":"p","props":{},"children":[{"type":"text","value":"网站用途有许多，项目展示、博客记录、简历等等。"}]},{"type":"element","tag":"p","props":{},"children":[{"type":"text","value":"最后祝大家生活愉快，以后这个网站也是会分享我的生活经历和我的思考想法。"}]}],"toc":{"title":"","searchDepth":2,"depth":2,"links":[{"id":"前瞻","depth":2,"text":"前瞻"},{"id":"网站说明","depth":2,"text":"网站说明"},{"id":"相关技术","depth":2,"text":"相关技术"},{"id":"如果你想要做一个这样的网站","depth":2,"text":"如果你想要做一个这样的网站"},{"id":"总结","depth":2,"text":"总结"}]}},"_type":"markdown","_id":"content:website.md","_source":"content","_file":"website.md","_extension":"md"}],"navigation":[{"title":"收藏夹","_path":"/favoraites","desc":null,"date":"2077-01-01T00:00:00.000Z","subtitle":null,"type":null,"top":true},{"title":"如何做一个这样的网站？","_path":"/website","desc":"从大学开始，我就想写一个属于自己的博客网站了，一开始跟着B站部署了Hexo开源模板博客，后面又跟着部署了一个Vuepress的，后面自己想写一个全面一点的网站，不单单只博客，还包括一些项目啥的，第三个网站是看了antfu的网站后，看见他开源了，然后整体框架也是学习他的，后面自己融入了很多自己的东西，然后太乱了。直到现在，这个就是第四个博客网站了，只想用来做博客捏。","date":"2024-03-31T00:00:00.000Z","subtitle":"Jory Joestar的奇妙之旅","type":null,"top":false}]}